{"version":"1.4.0","project":{"name":"src_103be31561","directory":"/home/space/Software/bananatui/src/.scala-build","workspaceDir":"/home/space/Software/bananatui/src","sources":["/home/space/Software/bananatui/src/base.scala","/home/space/Software/bananatui/src/extra.scala","/home/space/Software/bananatui/src/userinput.scala"],"dependencies":[],"classpath":["/home/space/.cache/coursier/v1/https/repo1.maven.org/maven2/org/scala-lang/scala3-library_3/3.3.1/scala3-library_3-3.3.1.jar","/home/space/.cache/coursier/v1/https/repo1.maven.org/maven2/org/scala-lang/scala-library/2.13.10/scala-library-2.13.10.jar"],"out":"/home/space/Software/bananatui/src/.scala-build/.bloop/src_103be31561","classesDir":"/home/space/Software/bananatui/src/.scala-build/src_103be31561/classes/main","scala":{"organization":"org.scala-lang","name":"scala-compiler","version":"3.3.1","options":["-sourceroot","/home/space/Software/bananatui/src","-release","19"],"jars":["/home/space/.cache/coursier/v1/https/repo1.maven.org/maven2/org/scala-lang/scala3-compiler_3/3.3.1/scala3-compiler_3-3.3.1.jar","/home/space/.cache/coursier/v1/https/repo1.maven.org/maven2/org/scala-lang/scala3-interfaces/3.3.1/scala3-interfaces-3.3.1.jar","/home/space/.cache/coursier/v1/https/repo1.maven.org/maven2/org/scala-lang/scala3-library_3/3.3.1/scala3-library_3-3.3.1.jar","/home/space/.cache/coursier/v1/https/repo1.maven.org/maven2/org/scala-lang/tasty-core_3/3.3.1/tasty-core_3-3.3.1.jar","/home/space/.cache/coursier/v1/https/repo1.maven.org/maven2/org/scala-lang/modules/scala-asm/9.5.0-scala-1/scala-asm-9.5.0-scala-1.jar","/home/space/.cache/coursier/v1/https/repo1.maven.org/maven2/org/scala-sbt/compiler-interface/1.3.5/compiler-interface-1.3.5.jar","/home/space/.cache/coursier/v1/https/repo1.maven.org/maven2/org/jline/jline-reader/3.19.0/jline-reader-3.19.0.jar","/home/space/.cache/coursier/v1/https/repo1.maven.org/maven2/org/jline/jline-terminal/3.19.0/jline-terminal-3.19.0.jar","/home/space/.cache/coursier/v1/https/repo1.maven.org/maven2/org/jline/jline-terminal-jna/3.19.0/jline-terminal-jna-3.19.0.jar","/home/space/.cache/coursier/v1/https/repo1.maven.org/maven2/org/scala-lang/scala-library/2.13.10/scala-library-2.13.10.jar","/home/space/.cache/coursier/v1/https/repo1.maven.org/maven2/com/google/protobuf/protobuf-java/3.7.0/protobuf-java-3.7.0.jar","/home/space/.cache/coursier/v1/https/repo1.maven.org/maven2/org/scala-sbt/util-interface/1.3.0/util-interface-1.3.0.jar","/home/space/.cache/coursier/v1/https/repo1.maven.org/maven2/net/java/dev/jna/jna/5.3.1/jna-5.3.1.jar"]},"java":{"options":["--release","19"]},"platform":{"name":"jvm","config":{"options":[]},"mainClass":[]},"resolution":{"modules":[{"organization":"org.scala-lang","name":"scala3-library_3","version":"3.3.1","artifacts":[{"name":"scala3-library_3","path":"/home/space/.cache/coursier/v1/https/repo1.maven.org/maven2/org/scala-lang/scala3-library_3/3.3.1/scala3-library_3-3.3.1.jar"}]},{"organization":"org.scala-lang","name":"scala-library","version":"2.13.10","artifacts":[{"name":"scala-library","path":"/home/space/.cache/coursier/v1/https/repo1.maven.org/maven2/org/scala-lang/scala-library/2.13.10/scala-library-2.13.10.jar"}]}]},"tags":["library"]}}